{"cameraMode":{"drawMode":0,"name":"Shaded","section":"Shading Mode"},"sceneLighting":false,"audioPlay":false,"sceneViewState":{"showFog":false,"showMaterialUpdate":false,"showSkybox":false,"showFlares":false,"showImageEffects":false,"showParticleSystems":false},"in2DMode":false,"pivot":{"x":0.7459040880203247,"y":0.05276220291852951,"z":0.123917356133461},"rotation":{"x":-0.12681077420711518,"y":-0.3581026494503021,"z":0.05521245300769806,"w":-0.9244888424873352},"size":0.4206112027168274,"orthographic":true}