{"cameraMode":{"drawMode":0,"name":"Shaded","section":"Shading Mode"},"sceneLighting":false,"audioPlay":false,"sceneViewState":{"showFog":false,"showMaterialUpdate":false,"showSkybox":false,"showFlares":false,"showImageEffects":false,"showParticleSystems":false},"in2DMode":false,"pivot":{"x":0.1251666098833084,"y":-0.032999999821186069,"z":0.0023909080773591997},"rotation":{"x":0.0015952317044138909,"y":-0.9998225569725037,"z":-0.0038480479270219805,"w":-0.03574075549840927},"size":0.10325638949871063,"orthographic":true}