{"cameraMode":{"drawMode":0,"name":"Shaded","section":"Shading Mode"},"sceneLighting":false,"audioPlay":false,"sceneViewState":{"showFog":false,"showMaterialUpdate":false,"showSkybox":false,"showFlares":false,"showImageEffects":false,"showParticleSystems":false},"in2DMode":false,"pivot":{"x":3.7106714248657228,"y":-0.2964898347854614,"z":0.4588470458984375},"rotation":{"x":0.5381535291671753,"y":-0.18452991545200349,"z":0.09675697237253189,"w":0.8193633556365967},"size":0.14856070280075074,"orthographic":false}