{"cameraMode":{"drawMode":0,"name":"Shaded","section":"Shading Mode"},"sceneLighting":false,"audioPlay":false,"sceneViewState":{"showFog":false,"showMaterialUpdate":false,"showSkybox":false,"showFlares":false,"showImageEffects":false,"showParticleSystems":false},"in2DMode":false,"pivot":{"x":-0.13102281093597413,"y":0.05384416878223419,"z":-0.2169867604970932},"rotation":{"x":0.00005765266905655153,"y":0.9946560859680176,"z":-0.10586535185575485,"w":0.020407123491168023},"size":0.26233723759651186,"orthographic":true}