{"cameraMode":{"drawMode":0,"name":"Shaded","section":"Shading Mode"},"sceneLighting":false,"audioPlay":false,"sceneViewState":{"showFog":false,"showMaterialUpdate":false,"showSkybox":false,"showFlares":false,"showImageEffects":false,"showParticleSystems":false},"in2DMode":false,"pivot":{"x":0.7966301441192627,"y":0.18412774801254273,"z":0.5544220209121704},"rotation":{"x":-0.09209118783473969,"y":0.9073135852813721,"z":-0.277967244386673,"w":-0.3036900460720062},"size":0.7661827206611633,"orthographic":true}