{"cameraMode":{"drawMode":0,"name":"Shaded","section":"Shading Mode"},"sceneLighting":false,"audioPlay":false,"sceneViewState":{"showFog":false,"showMaterialUpdate":false,"showSkybox":false,"showFlares":false,"showImageEffects":false,"showParticleSystems":false},"in2DMode":false,"pivot":{"x":-0.09564660489559174,"y":0.002543154638260603,"z":-0.0017259054584428669},"rotation":{"x":0.2571962773799896,"y":0.5240869522094727,"z":-0.1906462013721466,"w":0.7911787629127502},"size":5.407395362854004,"orthographic":false}