{"cameraMode":{"drawMode":0,"name":"Shaded","section":"Shading Mode"},"sceneLighting":false,"audioPlay":false,"sceneViewState":{"showFog":false,"showMaterialUpdate":false,"showSkybox":false,"showFlares":false,"showImageEffects":false,"showParticleSystems":false},"in2DMode":false,"pivot":{"x":0.08462604880332947,"y":-0.03120514005422592,"z":0.01072966679930687},"rotation":{"x":0.3286888599395752,"y":0.5588287711143494,"z":-0.2589147090911865,"w":0.7169082164764404},"size":0.1520436704158783,"orthographic":true}