{"cameraMode":{"drawMode":0,"name":"Shaded","section":"Shading Mode"},"sceneLighting":false,"audioPlay":false,"sceneViewState":{"showFog":false,"showMaterialUpdate":false,"showSkybox":false,"showFlares":false,"showImageEffects":false,"showParticleSystems":false},"in2DMode":false,"pivot":{"x":-0.00194559246301651,"y":0.6914016604423523,"z":0.12035730481147766},"rotation":{"x":-0.10218853503465653,"y":-0.8816596865653992,"z":0.40655574202537539,"w":-0.22220279276371003},"size":0.7329909205436707,"orthographic":true}