{"cameraMode":{"drawMode":0,"name":"Shaded","section":"Shading Mode"},"sceneLighting":false,"audioPlay":false,"sceneViewState":{"showFog":false,"showMaterialUpdate":false,"showSkybox":false,"showFlares":false,"showImageEffects":false,"showParticleSystems":false},"in2DMode":false,"pivot":{"x":0.1790636032819748,"y":-0.059290044009685519,"z":0.006128307431936264},"rotation":{"x":0.4433446526527405,"y":0.5137451887130737,"z":-0.3583272099494934,"w":0.6424512267112732},"size":0.25151851773262026,"orthographic":true}