{"cameraMode":{"drawMode":0,"name":"Shaded","section":"Shading Mode"},"sceneLighting":false,"audioPlay":false,"sceneViewState":{"showFog":false,"showMaterialUpdate":false,"showSkybox":false,"showFlares":false,"showImageEffects":false,"showParticleSystems":false},"in2DMode":false,"pivot":{"x":-0.07529067993164063,"y":-0.0673091933131218,"z":0.33029693365097048},"rotation":{"x":0.32903650403022768,"y":-0.08348292112350464,"z":0.02534671686589718,"w":0.9411978721618652},"size":0.3626059889793396,"orthographic":true}